,precision,recall,f1-score,support
33,0.8665822584474163,0.7838379500393673,0.823135898977751,13971.0
42,0.8365114974761638,0.8594684146077937,0.8478345827264007,13883.0
43,0.8742555495397942,0.9288847343064643,0.9007426001464282,13907.0
44,0.8188118811881188,0.7990932064813439,0.8088323803791755,13454.0
45,0.8531610199091861,0.8781908391457539,0.8654950038976684,13907.0
accuracy,0.8501634790659992,0.8501634790659992,0.8501634790659992,0.8501634790659992
macro avg,0.8498644413121358,0.8498950289161445,0.8492080932254847,69122.0
weighted avg,0.8500880636130662,0.8501634790659992,0.8494490373784246,69122.0
