,precision,recall,f1-score,support
32,0.8566950943946352,0.8169748366467399,0.8363636363636364,14386.0
38,0.7941262633660465,0.7502248668096589,0.7715515707830789,14453.0
39,0.8003886357544894,0.8537021154945683,0.8261861944943976,13992.0
40,0.845336654699978,0.8113924050632911,0.828016792852273,14220.0
41,0.7939206594538898,0.8547458919780906,0.8232112450335548,14423.0
accuracy,0.8171782746173434,0.8171782746173434,0.8171782746173434,0.8171782746173434
macro avg,0.8180934615338078,0.8174080231984698,0.8170658879053881,71474.0
weighted avg,0.8180928058455473,0.8171782746173434,0.8169506945196716,71474.0
