,precision,recall,f1-score,support
33,0.8990062398890687,0.8353016963710543,0.8659839715048976,13971.0
42,0.8939239399679441,0.8838147374486782,0.8888405954580029,13883.0
43,0.9186808684965179,0.9674983821097289,0.9424578853360419,13907.0
44,0.8634862103403242,0.8354392745651851,0.8492312341808017,13454.0
45,0.8710005422993492,0.9239232041417991,0.8966816706793678,13907.0
accuracy,0.8894997251236944,0.8894997251236944,0.8894997251236944,0.8894997251236944
macro avg,0.8892195601986408,0.889195458927289,0.8886390714318224,69122.0
weighted avg,0.8893956351078093,0.8894997251236944,0.8888762894999159,69122.0
