,precision,recall,f1-score,support
32,0.9241723829406502,0.861601557069373,0.8917907763148428,14386.0
38,0.8366818340917046,0.8269563412440324,0.831790660449579,14453.0
39,0.8677390527256479,0.90215837621498,0.8846140369319178,13992.0
40,0.8773117454114034,0.8840365682137834,0.8806613191355214,14220.0
41,0.8566539158445742,0.8850447202385079,0.8706179238848724,14423.0
accuracy,0.8717295799871282,0.8717295799871282,0.8717295799871282,0.8717295799871282
macro avg,0.8725117862027961,0.8719595125961354,0.8718949433433465,71474.0
weighted avg,0.8724851515631603,0.8717295799871282,0.8717662143239936,71474.0
