,precision,recall,f1-score,support
31,0.9064082801145122,0.8685987619583568,0.8871008297711843,14216.0
34,0.8983577146011592,0.8917734091376122,0.8950534529579595,14599.0
35,0.9522381666309703,0.9652627008250109,0.9587061994609164,13818.0
36,0.8573417809649795,0.8495343221800621,0.8534201954397393,14495.0
37,0.8917361111111111,0.9334157156356764,0.9121000106545442,13757.0
accuracy,0.9008958171686534,0.9008958171686534,0.9008958171686534,0.9008958171686534
macro avg,0.9012164106845464,0.9017169819473436,0.9012761376568689,70885.0
weighted avg,0.9008031906287637,0.9008958171686534,0.900661615283698,70885.0
